,pl_hostname,Gmag/Tmag,st_mass,st_rad,st_teff,SP_TYPE,ra,dec,exptime,B,V,Unnamed: 11,log R'_HK,UT Dates observed,Unnamed: 14,Unnamed: 15,Unnamed: 16,Unnamed: 17,Unnamed: 18,Unnamed: 19,Unnamed: 20,Unnamed: 21,Unnamed: 22,Unnamed: 23,Unnamed: 24,Unnamed: 25,Unnamed: 26,Unnamed: 27,Unnamed: 28,Unnamed: 29,Unnamed: 30
0,HD 224930,,,,,G5VbFe-2,00:02:10.18707,+27:04:55.5240,1.0,6.42,5.75,Baliunas,-4.65,9/22/2021,,,,,,,,,,,,,,,,,
1,HD 3167,8.76,0.94,0.87,5530.0,K0V,00:34:57.52,04:22:53.3,20.0,,,,-4.68,8/2/2020,11/13/2021,,,,,,,,,,,,,,,,
2,HD 3443,,,,,K1V+G,00:37:20.70000,-24:46:02.2370,1.0,6.28,5.57,Baliunas,-4.63,9/22/2021,,,,,,,,,,,,,,,,,
3,WASP-93,10.98,1.33,1.52,6700.0,,00:37:50.11,51:17:19.5,30.0,11.54,11.09,,-4.48,10/2/2020,11/20/2021,,,,,,,,,,,,,,,,
4,HAT-P-16,10.76,1.22,1.24,6160.0,F8,00:38:17.56,42:27:47.1,30.0,11.38,10.91,,-4.73,10/2/2020,12/11/2021,,,,,,,,,,,,,,,,
5,HD 3651,,,,,K0.5V,00:39:21.80613,+21:15:01.6670,1.0,6.71,5.88,Baliunas,-4.77,9/22/2021,,,,,,,,,,,,,,,,,
6,HD 3795,,,,,K0VFe-1.5CH-1.3,00:40:32.80680,-23:48:17.4560,1.0,6.84,6.14,Baliunas,-4.8,9/22/2021,,,,,,,,,,,,,,,,,
7,GJ 29.1,9.55,,,,M1Ve+M1Ve,00:42:48.2,+35:32:55.658,30.0,11.84,,PMSU,-3.63,01/16/22,,,,,,,,,,,,,,,,,
8,HD 4628,,,,,K2.5V,00:48:22.97733,+05:16:50.3830,1.0,6.64,5.74,Baliunas,-4.59,9/22/2021,,,,,,,,,,,,,,,,,
9,K2-209,10.75,0.74,0.71,4720.0,K2V,00:58:45.76,01:23:01.7,30.0,12.1,11.03,,-4.47,10/31/2020,01/16/22,,,,,,,,,,,,,,,,
10,K2-222,9.36,1.0,1.09,6060.0,G0,01:05:50.95,11:45:12.3,30.0,10.04,9.54,,-4.67,10/2/2020,01/16/22,,,,,,,,,,,,,,,,
11,TOI 1468.01,10.89,,0.37,3382.0,,01:06:36.9294,+19:13:29.7101,30.0,,,,-3.35,8/29/2021,10/11/2021,,,,,,,,,,,,,,,,
12,TOI 2009.01,7.36,,0.7,4755.0,,01:07:37.9901,+22:57:10.3264,5.0,,,,-5.07,8/20/2021,10/11/2021,,,,,,,,,,,,,,,,
13,TOI 1467.01,10.6,,0.49,3834.0,,01:16:27.5146,+49:13:59.2975,30.0,,,,-4.71,8/29/2021,10/29/2021,,,,,,,,,,,,,,,,
14,HD 10780,,,,,K0V,01:47:44.83513,+63:51:08.9710,1.0,6.44,5.63,Baliunas,-4.37,9/22/2021,,,,,,,,,,,,,,,,,
15,WASP-156,11.32,0.84,0.76,4910.0,,02:11:07.61,02:25:04.8,30.0,12.56,11.59,,-4.63,01/16/22,,,,,,,,,,,,,,,,,
16,TOI 2431.01,9.52,,0.68,4079.0,,02:31:03.6717,+08:22:53.8517,30.0,,,,-3.91,9/11/2021,1/17/2022,,,,,,,,,,,,,,,,
17,TOI 1563.01,9.44,,0.74,4582.0,,02:35:14.4487,+48:16:25.5462,30.0,,,,-3.73,8/29/2021,10/11/2021,,,,,,,,,,,,,,,,
18,TOI 2443.01,8.3,,0.73,4214.0,,02:40:43.1666,+01:11:58.8324,13.0,,,,-4.51,9/22/2021,1/17/2022,,,,,,,,,,,,,,,,
19,HD 17156,8.03,1.41,1.55,6040.0,F9V,02:49:44.49,71:45:11.6,10.0,8.78,8.16,,-4.79,10/2/2020,11/21/2021,,,,,,,,,,,,,,,,
20,HD 17925,,,,,K1V,02:52:32.12853,-12:46:10.9600,1.0,6.91,6.05,Baliunas,-4.02,9/22/2021,,,,,,,,,,,,,,,,,
21,TOI 1648.01,9.58,,0.84,4872.0,,03:01:36.2831,+69:13:47.7247,30.0,,,,-4.56,9/22/2021,,,,,,,,,,,,,,,,,
22,GJ 1054 A,9.43,,,,M1Ve,03:07:55.7522,-28:13:10.963,30.0,11.72,10.29,PMSU,-3.76,10/29/2021,,,,,,,,,,,,,,,,,
23,GJ 3203,9.59,,,,K7Ve,03:08:06.6627,-24:45:34.734,30.0,11.51,10.19,PMSU,-4.73,10/29/2021,,,,,,,,,,,,,,,,,
24,WASP-11,11.55,1.42,0.89,4800.0,K3V,03:09:28.55,30:40:24.9,30.0,12.58,11.57,,-4.48,1/6/2021,10/29/2021,,,,,,,,,,,,,,,,
25,GJ 3218,10.35,,,,M2V,03:21:46.9231,-06:40:24.217,30.0,12.49,11.31,PMSU,-3.7,10/29/2021,,,,,,,,,,,,,,,,,
26,GJ 140 A,9.95,,,,M1.5Ve,03:24:06.4798,+23:47:06.126,30.0,12.21,10.42,PMSU,-4.12,10/29/2021,,,,,,,,,,,,,,,,,
27,K2-175,10.63,1.09,1.42,5910.0,K0,03:30:00.86,17:35:03.1,30.0,11.5,9.3,,-5.9,9/22/2021,,,,,,,,,,,,,,,,,
28,HD 22049,,,,,K2V,03:32:55.84440,-09:27:29.7470,0.0,4.61,3.73,"Baliunas, MUSCLES",-4.21,10/29/2021,11/21/2021,,,,,,,,,,,,,,,,
29,HD 22072,,,,,K0.5IVFe-1,03:34:08.37840,+17:49:58.2780,1.0,7.06,,Baliunas,-4.69,8/29/2021,11/21/2021,,,,,,,,,,,,,,,,
30,K2-56,10.86,1.67,1.08,5770.0,K0,03:34:36.23,20:35:57.2,30.0,11.77,10.85,,-4.79,10/31/2020,01/16/22,,,,,,,,,,,,,,,,
31,K2-77,11.92,0.8,0.76,4970.0,K4V,03:40:54.82,12:34:21.4,30.0,13.23,12.16,,-4.26,10/6/2020,10/29/2021,,,,,,,,,,,,,,,,
32,HD 23249,,,,,K0+IV,03:43:14.90160,-09:45:48.3080,1.0,4.46,3.54,Baliunas,-4.88,8/29/2021,11/21/2021,,,,,,,,,,,,,,,,
33,K2-111,10.93,0.88,1.23,5730.0,,03:59:33.54,21:17:55.3,30.0,11.8,11.14,,-4.8,10/2/2020,01/16/22,,,,,,,,,,,,,,,,
34,HD 25998,,,,,F8V,04:08:36.61773,+38:02:23.1500,1.0,5.97,,Baliunas,-4.21,3/21/2021,,,,,,,,,,,,,,,,,
35,HD 26965,,,,,K0V,04:15:17.57567,-07:38:41.5250,1.0,5.25,4.43,Baliunas,-4.64,3/21/2021,,,,,,,,,,,,,,,,,
36,GJ 166 C,9.76,,,,M4.5V,04:15:21.5389,-07:39:20.718,30.0,12.85,11.17,PMSU,-3.96,01/16/22,,,,,,,,,,,,,,,,,
37,HD 26913,,,,,G8V,04:15:25.78680,+06:11:58.7580,3.0,7.58,6.92,Baliunas,-4.15,3/21/2021,,,,,,,,,,,,,,,,,
38,HD 26923,,,,,G0IV,04:15:28.79953,+06:11:12.7140,1.0,6.86,,Baliunas,-4.34,3/21/2021,,,,,,,,,,,,,,,,,
39,TOI 1683.01,9.79,,0.7,4402.0,,04:23:55.1161,+27:49:20.5323,30.0,,,,-4.12,3/21/2021,10/11/2021,,,,,,,,,,,,,,,,
40,K2-136,10.86,0.74,0.66,4500.0,K5.5V,04:29:38.99,22:52:57.8,30.0,12.48,11.2,,-4.1,10/2/2020,9/22/2021,,,,,,,,,,,,,,,,
41,HD 29645,,,,,F9IV-V,04:41:50.25647,+38:16:48.6660,1.0,6.56,,Baliunas,-4.79,3/21/2021,,,,,,,,,,,,,,,,,
42,GJ 176,9.95,,,,M2.5V,04:42:55.7904,18:57:30.888,30.0,11.49,9.95,MUSCLES,-4.36,3/21/2021,10/29/2021,1/18/2022,,,,,,,,,,,,,,,
43,K2-232,9.73,1.19,1.16,6150.0,G0,04:55:03.96,18:39:16.3,30.0,10.46,9.85,,-4.73,10/31/2020,1/17/2022,,,,,,,,,,,,,,,,
44,GJ 182,9.32,,,,M0Ve,04:59:34.8341,+01:47:00.672,30.0,11.48,10.11,PMSU,-3.41,10/29/2021,,,,,,,,,,,,,,,,,
45,HD 32147,,,,,K3+V,05:00:49.00033,-05:45:13.0390,1.0,7.27,6.21,Baliunas,-4.51,3/21/2021,01/16/22,,,,,,,,,,,,,,,,
46,WASP-35,10.85,1.05,1.08,5990.0,,05:04:19.63,-06:13:47.4,30.0,11.55,10.94,,-4.67,10/31/2020,1/18/2022,,,,,,,,,,,,,,,,
47,K2-291,9.87,0.93,0.9,5520.0,G0,05:05:46.99,21:32:55.1,30.0,10.83,10.01,,-4.43,10/2/2020,9/22/2021,,,,,,,,,,,,,,,,
48,KELT-7,8.45,1.76,1.81,6770.0,F2,05:13:10.93,33:19:05.4,15.0,8.97,8.54,,-4.39,1/6/2021,1/10/2022,,,,,,,,,,,,,,,,
49,HD 37394,,,,,K1,05:41:20.33687,+53:28:51.7760,1.0,7.07,6.23,Baliunas,-4.22,9/22/2021,11/21/2021,,,,,,,,,,,,,,,,
50,HD 39587,,,,,G0V,05:54:22.97593,+20:16:34.2910,1.0,5.0,4.4,Baliunas,-4.23,10/25/2021,,,,,,,,,,,,,,,,,
51,TOI 1693.01,10.67,,0.46,3474.0,,06:01:14.0029,+34:46:23.1254,30.0,,,,-3.51,2/20/2021,10/11/2021,,,,,,,,,,,,,,,,
52,KELT-2 A,8.58,1.54,1.93,6330.0,F7V,06:10:39.35,30:57:25.7,17.0,9.23,8.71,,-4.85,10/31/2020,1/10/2022,,,,,,,,,,,,,,,,
53,GJ 234 A,9.58,,,,M4.5V,06:29:23.3915,-02:48:48.803,30.0,12.76,11.07,PMSU,-4.96,1/18/2022,,,,,,,,,,,,,,,,,
54,TOI 1701.01,10.93,,0.88,4685.0,,06:39:35.5653,+42:07:52.8204,30.0,,,,-4.53,2/20/2021,10/11/2021,11/20/2021,,,,,,,,,,,,,,,
55,CoRoT-7,11.52,0.82,0.83,5280.0,K0V,06:43:49.47,-01:03:46.9,30.0,12.78,11.73,,-4.67,10/6/2020,11/20/2021,,,,,,,,,,,,,,,,
56,TOI 1730.01,10.36,,0.53,3691.0,,07:11:27.7982,+48:19:40.5578,30.0,,,,-4.3,2/20/2021,10/11/2021,,,,,,,,,,,,,,,,
57,HAT-P-24,11.64,1.37,1.38,6370.0,F8,07:15:18.01,14:15:45.4,30.0,12.21,11.76,,-4.72,1/5/2021,,,,,,,,,,,,,,,,,
58,XO-4,10.51,1.1,1.45,6400.0,,07:21:33.17,58:16:05.2,30.0,11.15,10.81,,-4.81,1/5/2021,1/18/2022,,,,,,,,,,,,,,,,
59,HAT-P-20,10.99,0.76,0.69,4600.0,K3V,07:27:39.95,24:20:11.9,30.0,12.58,11.35,,-4.01,1/10/2022,,,,,,,,,,,,,,,,,
60,HAT-P-33,11.02,1.82,1.79,6450.0,,07:32:44.21,33:50:06.2,30.0,11.66,11.03,,-4.65,1/10/2022,,,,,,,,,,,,,,,,,
61,GJ 278 C,8.32,,,,M0.5VeFe-2,07:34:37.4475,+31:52:10.181,30.0,10.56,9.27,PMSU,,,,,,,,,,,,,,,,,,,
62,Procyon,,,,,F5IV-V+DQZ,07:39:18.11833,+05:13:29.9750,1.0,0.79,0.37,Baliunas,-4.65,3/21/2021,11/21/2021,,,,,,,,,,,,,,,,
63,TOI 969.01,10.54,,0.82,4249.0,,07:40:32.8046,+02:05:54.9163,30.0,,,,-3.94,3/21/2021,10/29/2021,,,,,,,,,,,,,,,,
64,YZ CMi,9.68,,,3542.0,M4.0Ve,07:44:40,03:33:08.9,30.0,12.83,11.23,,-3.29,2/6/2021,1/10/2022,,,,,,,,,,,,,,,,
65,XO-2 N,10.97,0.97,0.99,5340.0,G9V,07:48:06.47,50:13:32.9,30.0,12.0,11.14,,-4.66,1/5/2021,1/18/2022,,,,,,,,,,,,,,,,
66,GJ 3470,11.35,0.54,0.55,3600.0,M2.0Ve,07:59:05.84,15:23:29.4,30.0,13.5,,,-4.28,10/6/2020,1/10/2022,,,,,,,,,,,,,,,,
67,GJ 3481,8.84,,,,K7Ve,08:08:13.1858357712,+21:06:18.249434626 ,21.0,10.89,,PMSU's A component,-4.2,1/12/2022,,,,,,,,,,,,,,,,,
68,GJ 3482,10.1,,,,M3.0V,08:08:13.5971,+21:06:09.714,30.0,12.65,11.2,PMSU,-3.67,1/12/2022,,,,,,,,,,,,,,,,,
69,HAT-P-30,10.3,1.55,1.31,6300.0,G0,08:15:47.97,05:50:12.2,30.0,10.95,10.35,,-4.75,1/12/2022,,,,,,,,,,,,,,,,,
70,K2-105,11.71,0.99,0.91,5460.0,,08:21:40.86,13:29:51.1,30.0,12.68,11.75,,-4.56,10/31/2020,1/12/2022,,,,,,,,,,,,,,,,
71,GJ 2069 A,10.55,,,,M5Ve,08:31:37.5740,+19:23:39.398,30.0,12.83,11.81,PMSU,,,,,,,,,,,,,,,,,,,
72,K2-184,10.13,0.86,0.78,5220.0,,08:36:33.63,14:27:43,30.0,11.23,10.34,,-4.48,1/12/2022,,,,,,,,,,,,,,,,,
73,K2-100,10.41,1.23,1.22,6170.0,G0V,08:38:24.3,20:06:21.8,30.0,11.09,10.52,,-4.17,5/23/2021,11/20/2021,,,,,,,,,,,,,,,,
74,K2-263,11.41,0.88,0.85,5370.0,G9V,08:38:43.77,15:40:50.3,30.0,,,,-4.71,10/31/2020,1/12/2022,,,,,,,,,,,,,,,,
75,HD 72905,,,,,G0.5V,08:39:11.70240,+65:01:15.2760,1.0,6.26,5.64,Baliunas,-4.17,10/25/2021,,,,,,,,,,,,,,,,,
76,HAT-P-13,10.42,1.22,1.56,5650.0,G4,08:39:31.81,47:21:07.4,30.0,11.15,10.42,,-4.94,1/6/2021,,,,,,,,,,,,,,,,,
77,K2-182,11.72,0.88,0.8,5160.0,,08:40:43.28,10:58:58.6,30.0,12.87,12.0,,-4.23,1/5/2021,11/20/2021,,,,,,,,,,,,,,,,
78,WASP-84,10.58,0.84,0.75,5310.0,,08:44:25.7,01:51:36.1,30.0,11.64,10.83,,-4.1,10/31/2020,11/20/2021,,,,,,,,,,,,,,,,
79,K2-275,11.81,0.79,0.73,4810.0,K3V,08:48:40.77,20:27:18.3,30.0,13.02,12.06,,-3.99,,11/20/2021,,,,,,,,,,,,,,,,
80,HD 75332,,,,,F7Vs,08:50:32.22313,+33:17:06.2300,1.0,6.74,6.21,Baliunas,-4.27,10/25/2021,11/21/2021,,,,,,,,,,,,,,,,
81,55 Cnc,5.71,0.91,0.94,5200.0,K0IV-V,08:52:35.81,28:19:50.9,1.0,6.82,,,-4.74,10/31/2020,1/5/2021,2/6/2021,2/20/2021,10/29/2021,11/20/2021,11/21/2021,1/10/2022,1/12/2022,,,,,,,,,
82,WASP-65,11.75,0.93,1.01,5600.0,,08:53:17.83,08:31:22.9,30.0,12.39,12.45,,-4.61,1/5/2021,,,,,,,,,,,,,,,,,
83,HD 76151,,,,,G2V,08:54:17.94813,-05:26:04.0880,1.0,6.67,6.0,Baliunas,-4.45,3/31/2021,,,,,,,,,,,,,,,,,
84,HD 76572,,,,,F4V,08:57:58.66707,+30:14:01.7410,1.0,6.69,6.24,Baliunas,-4.8,11/21/2021,,,,,,,,,,,,,,,,,
85,GJ 3522,,,,,M3.5V,08:58:56.3208,+08:28:26.068,30.0,12.62,10.98,PMSU,,,,,,,,,,,,,,,,,,,
86,EPIC 211945201,10.05,1.17,1.39,6070.0,,09:06:17.75,19:24:08.1,30.0,10.94,10.15,,-4.93,1/6/2021,,,,,,,,,,,,,,,,,
87,HD 78366,,,,,G0IV-V,09:08:51.06887,+33:52:55.9310,1.0,6.53,,Baliunas,-4.43,3/31/2021,,,,,,,,,,,,,,,,,
88,GJ 338 A,,,,,K7V,09:14:22.77,52:41:11.8,7.0,9.39,,SPARCS,-4.01,2/6/2021,11/20/2021,,,,,,,,,,,,,,,,
89,GJ 338 B,,,,,M0V,09:14:24.68,52:41:10.9,7.0,7.97,,star to east,-3.24,2/6/2021,11/20/2021,,,,,,,,,,,,,,,,
90,WASP-13,10.38,0.72,1.37,5950.0,G1V,09:20:24.71,33:52:56.8,30.0,11.21,10.42,,-4.84,1/5/2021,,,,,,,,,,,,,,,,,
91,HD 80653,9.31,1.18,1.22,5950.0,G2,09:21:21.42,14:22:04.5,30.0,10.12,9.45,,-4.81,1/6/2021,,,,,,,,,,,,,,,,,
92,HD 80606,8.82,1.15,1.04,5560.0,G8V,09:22:37.57,50:36:13.4,21.0,9.78,9.0,,-4.81,6/10/2020,1/6/2021,11/21/2021,,,,,,,,,,,,,,,
93,HD 81809,,,,,G1.5IV-V,09:27:46.78707,-06:04:16.4170,1.0,6.02,5.4,Baliunas,-4.69,3/31/2021,,,,,,,,,,,,,,,,,
94,HD 82443,,,,,G9V(k),09:32:43.75847,+26:59:18.8090,3.0,7.78,,Baliunas,-3.95,3/31/2021,,,,,,,,,,,,,,,,,
95,HD 82885,,,,,G8Va,09:35:39.50640,+35:48:36.7450,1.0,6.11,5.34,Baliunas,-4.4,1/12/2022,,,,,,,,,,,,,,,,,
96,GJ 362,10.07,,,,M3.5V,09:42:51.7280,+70:02:21.879,30.0,,,PMSU,,,,,,,,,,,,,,,,,,,
97,KELT-3,9.76,1.96,1.7,6300.0,F2,09:54:34.4,40:23:17,30.0,10.3,9.82,,,,,,,,,,,,,,,,,,,,
98,TOI 2104.01,10.06,,0.72,4907.0,,10:06:26.9315,+83:05:16.2228,30.0,,,,-4.12,03-03-2021,1/10/2022,,,,,,,,,,,,,,,,
99,HD 88355,,,,,F6V,10:11:38.21087,+13:21:18.4250,2.0,6.89,6.43,Baliunas,,,,,,,,,,,,,,,,,,,
100,GJ 2079,9.36,,,,M0.7V,10:14:19.1632,+21:04:29.817,30.0,11.45,10.08,PMSU,,,,,,,,,,,,,,,,,,,
101,HD 88737,,,,,F9V,10:14:29.74847,+21:10:04.9940,1.0,,,Baliunas,-4.32,1/12/2022,,,,,,,,,,,,,,,,,
102,HD 89345,9.22,1.16,1.75,5580.0,G5,10:18:41.06,10:07:44.5,30.0,10.15,9.38,,-4.83,1/6/2021,,,,,,,,,,,,,,,,,
103,AD Leo,8.21,,,3859.0,dM3,10:19:36.28,19:52:12,15.0,10.82,9.52,,-3.24,2/6/2021,1/12/2022,,,,,,,,,,,,,,,,
104,HD 89744,,,,,F7V,10:22:10.56333,+41:13:46.3440,1.0,,,Baliunas,,,,,,,,,,,,,,,,,,,
105,HAT-P-22,9.52,1.13,1.11,5300.0,G5,10:22:43.61,50:07:42,30.0,10.62,9.76,,-4.77,3/21/2021,,,,,,,,,,,,,,,,,
106,KELT-4 A,9.96,1.2,1.6,6210.0,,10:28:15.01,25:34:23.5,30.0,10.5,9.98,,-4.78,1/10/2022,,,,,,,,,,,,,,,,,
107,TOI 1260.01,10.81,,0.69,4225.0,,10:28:34.5771,+65:51:15.1149,30.0,,,,-2.44,03-03-2021,1/10/2022,1/12/2022,,,,,,,,,,,,,,,
108,Qatar-8,11.35,1.03,1.31,5740.0,,10:29:38.962,70:31:37.5,30.0,,,,-4.64,6/10/2020,1/10/2022,,,,,,,,,,,,,,,,
109,K2-266,11.35,0.69,0.7,4280.0,K5V,10:31:44.51,00:56:15.3,30.0,,,,-4.59,1/5/2021,,,,,,,,,,,,,,,,,
110,WASP-127,10.05,1.08,1.39,5620.0,G5,10:42:14.08,-03:50:06.2,30.0,10.81,10.17,,-4.76,1/6/2021,,,,,,,,,,,,,,,,,
111,KELT-24,8.24,1.46,1.51,6510.0,F5,10:47:38.35,71:39:21.2,12.0,8.82,8.33,,-4.57,6/10/2020,,,,,,,,,,,,,,,,,
112,K2-261,10.46,1.1,1.65,5540.0,G7IV-V,10:52:07.78,00:29:36.1,30.0,11.56,10.64,,-4.59,1/6/2021,,,,,,,,,,,,,,,,,
113,DS Leo,8.8,,,,M1.0V,11:02:38.34,21:58:01.7,21.0,11.05,9.57,SPARCS,-3.77,2/6/2021,1/12/2022,,,,,,,,,,,,,,,,
114,HD 95735,,,,,M2+V,11:03:20.19693,+35:58:11.2800,6.0,8.96,7.52,Baliunas,-4.91,3/31/2021,,,,,,,,,,,,,,,,,
115,WASP-106,11.37,0.93,1.31,6060.0,F9,11:05:43.14,-05:04:45.9,30.0,12.04,11.21,,-4.63,1/6/2021,,,,,,,,,,,,,,,,,
116,HD 97334,,,,,G2,11:12:32.35080,+35:48:50.6840,1.0,7.02,,Baliunas,-4.25,5/23/2021,,,,,,,,,,,,,,,,,
117,HD 97658,7.51,0.89,0.74,5180.0,K1V,11:14:33.16,25:42:37.4,6.0,8.57,7.71,,-4.6,6/10/2020,1/6/2021,,,,,,,,,,,,,,,,
118,K2-36,11.53,0.79,0.72,4920.0,,11:17:47.78,03:51:59,30.0,12.57,11.73,,-4.03,1/10/2022,,,,,,,,,,,,,,,,,
119,GJ 425 B,10.16,,,,M2.5Ve,11:21:26.5882,-20:27:09.393,30.0,,11.0,PMSU,,,,,,,,,,,,,,,,,,,
120,K2-3,11.48,0.6,0.56,3900.0,M1V,11:29:20.39,-01:27:17.2,30.0,13.52,12.17,,-4.25,1/5/2021,1/12/2022,,,,,,,,,,,,,,,,
121,HD 100180,,,,,F9.5V,11:31:44.94480,+14:21:52.2580,1.0,6.77,,Baliunas,,,,,,,,,,,,,,,,,,,
122,HD 100563,,,,,F5.5V,11:34:21.95040,+03:03:36.6160,1.0,6.23,,Baliunas,-4.47,3/31/2021,,,,,,,,,,,,,,,,,
123,HD 101501,,,,,G8V,11:41:03.01633,+34:12:05.9260,1.0,6.08,5.34,Baliunas,-4.36,5/23/2021,,,,,,,,,,,,,,,,,
124,Gl 436,9.57,0.47,0.46,3684.0,M3V,11:42:11.09,26:42:23.7,30.0,12.06,10.61,,-4.53,6/10/2020,1/6/2021,,,,,,,,,,,,,,,,
125,TOI 1801.01,9.86,,0.55,3815.0,,11:42:18.1439,+23:01:37.3205,30.0,,,,-4.17,2/6/2021,,,,,,,,,,,,,,,,,
126,HD 103095,,,,,K1V_Fe-1.5,11:52:56.02773,+37:43:54.9660,2.0,7.2,6.45,Baliunas,-4.64,3/31/2021,,,,,,,,,,,,,,,,,
127,TOI 2105.01,9.86,,0.82,4718.0,,12:04:15.4652,+83:26:16.9228,30.0,,,,-4.33,03-03-2021,,,,,,,,,,,,,,,,,
128,K2-131,11.9,0.84,0.75,5240.0,,12:11:00.37,-09:45:54.8,30.0,13.05,12.11,,-4.21,2/6/2021,,,,,,,,,,,,,,,,,
129,K2-244,11.63,0.86,0.92,5680.0,,12:13:52.54,-03:49:54.7,30.0,12.2,11.78,,-4.36,2/6/2021,,,,,,,,,,,,,,,,,
130,HD 106315,8.89,1.09,1.3,6330.0,F5V,12:13:53.39,-00:23:36.5,22.0,9.4,8.95,,-4.48,3/31/2021,,,,,,,,,,,,,,,,,
131,HD 107213,,,,,F8Va,12:19:29.52647,+28:09:24.9300,1.0,6.83,,Baliunas,,,,,,,,,,,,,,,,,,,
132,TOI 2079.01,10.85,,0.48,3577.0,,12:21:21.1664,+57:45:08.5094,30.0,,,,-4.94,03-03-2021,,,,,,,,,,,,,,,,,
133,K2-162,11.97,0.75,0.69,4840.0,K5V,12:24:09.28,-01:06:40.9,30.0,13.31,12.3,,-4.35,2/6/2021,,,,,,,,,,,,,,,,,
134,K2-229,10.79,0.87,0.79,5320.0,,12:27:29.58,-06:43:18.7,30.0,12.05,10.98,,-4.41,2/20/2021,,,,,,,,,,,,,,,,,
135,GJ 3728,10.69,,,,M2V,12:28:52.9514,-10:39:50.814,30.0,12.41,10.96,PMSU,,,,,,,,,,,,,,,,,,,
136,Ross 948,,,,,M2V,12:28:53.3110,-10:39:48.602,30.0,12.79,11.41,PMSU,,,,,,,,,,,,,,,,,,,
137,WASP-107,11.17,0.69,0.66,4430.0,K7V,12:33:32.85,-10:08:46.1,30.0,14.62,11.47,,-4.68,2/20/2021,,,,,,,,,,,,,,,,,
138,TOI 1827.01,8.82,,0.33,3297.0,,12:47:55.5674,+09:44:57.9051,21.0,,,note GJ 486,-3.69,2/20/2021,,,,,,,,,,,,,,,,,
139,HD 111456,,,,,F6V,12:48:39.46467,+60:19:11.6150,1.0,6.3,5.83,Baliunas,,,,,,,,,,,,,,,,,,,
140,GJ 487,,,,,M3V,12:49:02.7563,+66:06:36.664,30.0,12.56,9.71,PMSU,,,,,,,,,,,,,,,,,,,
141,GJ 490 A,,,,,M0V+M4/5V,12:57:40.2114,+35:13:30.069,30.0,12.2,9.77,PMSU,,,,,,,,,,,,,,,,,,,
142,GJ 494,8.91,,,,M0V,13:00:46.5602,+12:22:32.716,30.0,11.23,9.75,PMSU,,,,,,,,,,,,,,,,,,,
143,KELT-6,10.19,1.42,1.73,6100.0,F8,13:03:55.65,30:38:24.2,30.0,10.84,10.34,,,,,,,,,,,,,,,,,,,,
144,TOI 1823.01,9.77,,0.82,4760.0,,13:04:52.7328,+63:45:11.7397,30.0,,,,-4.81,03-03-2021,,,,,,,,,,,,,,,,,
145,HD 114378,,,,,F5V,13:09:59.28693,+17:31:45.9840,1.0,5.25,4.8,Baliunas,,,,,,,,,,,,,,,,,,,
146,HD 114710,,,,,F9.5V,13:11:52.39440,+27:52:40.9760,1.0,4.84,4.25,Baliunas,-4.53,3/31/2021,,,,,,,,,,,,,,,,,
147,HD 115043,,,,,G1Va,13:13:37.00967,+56:42:29.7610,3.0,7.42,6.81,Baliunas,-4.22,5/23/2021,,,,,,,,,,,,,,,,,
148,HD 115383,,,,,G0V,13:16:46.51533,+09:25:26.9470,1.0,5.81,,Baliunas,-4.23,5/23/2021,1/12/2022,,,,,,,,,,,,,,,,
149,HD 115404,,,,,K2V,13:16:51.04827,+17:01:01.8450,2.0,7.69,6.66,Baliunas,-4.3,3/31/2021,1/12/2022,,,,,,,,,,,,,,,,
150,HD 115617,,,,,G6.5V,13:18:24.3,-18:18:40.3,1.0,5.44,4.74,Baliunas,-4.7,3/31/2021,,,,,,,,,,,,,,,,,
151,TOI 1807.01,9.04,,0.74,4613.0,,13:25:07.8302,+38:55:20.5217,26.0,,,,-3.96,03-03-2021,,,,,,,,,,,,,,,,,
152,GJ 510,10.11,,,,M1,13:25:48.8467,-28:22:26.352,30.0,12.53,11.02,PMSU,,,,,,,,,,,,,,,,,,,
153,HD 119130,9.76,1.0,1.09,5720.0,G3V,13:41:30.3,-09:56:45.9,30.0,10.58,9.92,,-4.7,6/7/2020,,,,,,,,,,,,,,,,,
154,HD 120136,,,,,F7IV-V,13:47:15.74280,+17:27:24.8220,1.0,4.98,4.49,Baliunas,-4.51,1/12/2022,,,,,,,,,,,,,,,,,
155,Wolf 503,9.9,0.69,0.69,4720.0,K3.5V,13:47:23.44,-06:08:12.7,30.0,11.3,10.28,,-4.61,6/10/2020,,,,,,,,,,,,,,,,,
156,HAT-P-26,11.46,1.12,0.87,5080.0,K1,14:12:37.53,04:03:36,30.0,12.33,11.76,,-4.62,6/10/2020,,,,,,,,,,,,,,,,,
157,HD 124570,,,,,F8V,14:14:05.17967,+12:57:34.0020,1.0,6.08,,Baliunas,,,,,,,,,,,,,,,,,,,
158,HD 124850,,,,,F7III,14:16:00.88393,-05:59:58.4230,1.0,4.6,4.08,Baliunas,,,,,,,,,,,,,,,,,,,
159,TOI 1180.01,10.11,,0.73,4738.0,,14:18:13.3858,+82:11:37.551,30.0,,,,-4.88,03-03-2021,,,,,,,,,,,,,,,,,
160,HD 126053,,,,,G1.5V,14:23:15.28467,+01:14:29.6770,1.0,6.9,6.27,Baliunas,,,,,,,,,,,,,,,,,,,
161,KELT-18,10.1,1.52,1.91,6670.0,F5,14:26:05.76,59:26:39.4,30.0,10.62,10.16,,-4.33,9/29/2020,,,,,,,,,,,,,,,,,
162,TOI 1416.01,9.07,,0.8,4946.0,,14:27:41.6374,+41:57:10.7503,27.0,,,,-4.49,2/20/2021,,,,,,,,,,,,,,,,,
163,WASP-14,9.65,1.62,1.4,6480.0,F5V,14:33:06.35,21:53:41,30.0,10.19,9.74,,-4.77,6/7/2020,,,,,,,,,,,,,,,,,
164,HD 129333,,,,,G1.5V,14:39:00.21573,+64:17:29.8430,6.0,8.24,7.6,Baliunas,-3.9,3/21/2021,,,,,,,,,,,,,,,,,
165,Qatar-6,11.13,0.82,0.72,5050.0,,14:48:50.42,22:09:09.4,30.0,,,,-1.51,6/10/2020,,,,,,,,,,,,,,,,,
166,HD 131156 B,,,,,K5Ve,14:51:23.05200,+19:06:06.7680,2.0,7.98,6.82,Baliunas,-4.0,,,,,,,,,,,,,,,,,,
167,HD 131156 A,,,,,G7Ve,14:51:23.28600,+19:06:02.2500,1.0,5.4,4.68,Baliunas,-4.1,3/21/2021,,,,,,,,,,,,,,,,,
168,WASP-113,11.6,1.32,1.61,5890.0,,14:59:29.47,46:57:36.4,30.0,,11.77,,-4.72,6/7/2020,,,,,,,,,,,,,,,,,
169,HD 136202,,,,,F8IV,15:19:18.79847,+01:45:55.5480,1.0,5.6,,Baliunas,,,,,,,,,,,,,,,,,,,
170,TOI 2018.01,8.96,,0.62,4219.0,,15:19:20.9861,+29:12:28.3576,24.0,,,,-4.0,2/20/2021,,,,,,,,,,,,,,,,,
171,GJ 581,10.56,,,,M3V,15:19:26.5944,-07:43:28.92,30.0,11.76,10.56,MUSCLES,-4.26,5/29/2021,,,,,,,,,,,,,,,,,
172,GJ 9520,9.11,,,,M1.0V,15:21:52.9325,+20:58:39.910,30.0,11.52,10.0,PMSU,,,,,,,,,,,,,,,,,,,
173,HD 137107,,,,,G2V,15:23:12.23087,+30:17:17.5630,1.0,6.12,5.58,Baliunas,,,,,,,,,,,,,,,,,,,
174,KELT-23 A,10.18,0.94,1.0,5900.0,K,15:28:35.1926,66:21:31.544,30.0,10.9,10.31,,-4.81,9/29/2020,,,,,,,,,,,,,,,,,
175,TOI 2023.01,8.5,,0.7,4958.0,,15:31:27.2028,+33:54:09.0563,16.0,,,,,,,,,,,,,,,,,,,,,,
176,TOI 1411.01,9.1,,0.69,4184.0,,15:31:47.0513,+47:03:19.9826,27.0,,,,-4.14,03-03-2021,,,,,,,,,,,,,,,,,
177,NLTT41135,13.97,,,4305.0,M5.1,15:46:04.4362214429,04:41:31.468756035,30.0,17.1,,,,,,,,,,,,,,,,,,,,,
178,HD 141004,,,,,G0-V,15:46:26.61333,+07:21:11.0660,1.0,5.03,4.42,Baliunas,,,,,,,,,,,,,,,,,,,
179,HD 142373,,,,,F8VFe-2Hdel-1,15:52:40.54273,+42:27:05.4970,1.0,5.19,4.62,Baliunas,,,,,,,,,,,,,,,,,,,
180,TOI 2103.01,10.34,,0.8,4884.0,,15:56:04.0604,+73:04:26.1116,30.0,,,,-4.42,5/25/2021,,,,,,,,,,,,,,,,,
181,TOI 2013.01,10.27,,0.33,3352.0,,15:58:18.6163,+35:24:29.2108,30.0,,,,-4.68,5/25/2021,,,,,,,,,,,,,,,,,
182,TOI 1739.01,9.81,,0.78,4814.0,,16:00:41.3954,+83:15:31.1722,30.0,,,,-3.65,,,,,,,,,,,,,,,,,,
183,HD 143761,,,,,G0+VaFe-1,16:01:02.66040,+33:18:12.6220,1.0,6.01,,Baliunas,,,,,,,,,,,,,,,,,,,
184,XO-1,11.0,0.88,0.88,5750.0,G1V,16:02:11.84,28:10:10.5,30.0,11.88,11.25,,-4.49,6/10/2020,,,,,,,,,,,,,,,,,
185,WASP-38,9.21,1.76,1.52,6180.0,F8,16:15:50.36,10:01:57.2,30.0,9.87,9.39,,-4.8,6/7/2020,,,,,,,,,,,,,,,,,
186,GJ 9552,9.06,,,,M1.5Ve,16:17:05.3397,+55:16:08.810,30.0,10.92,9.46,PMSU,,,,,,,,,,,,,,,,,,,
187,TOI 1741.01,10.58,,0.61,4324.0,,16:28:10.4293,+63:29:56.7542,30.0,,,,-4.17,5/29/2021,,,,,,,,,,,,,,,,,
188,HD 149026,8.01,1.42,1.41,6180.0,G0IV,16:30:29.62,38:20:50.3,10.0,8.75,8.14,,-4.79,6/7/2020,,,,,,,,,,,,,,,,,
189,HD 149661,,,,,K1V,16:36:21.44953,-02:19:28.3150,1.0,6.55,5.77,Baliunas,-4.28,5/29/2021,,,,,,,,,,,,,,,,,
190,HD 152391,,,,,G8.5Vk:,16:52:58.80360,-00:01:34.6010,2.0,7.4,6.64,Baliunas,,,,,,,,,,,,,,,,,,,
191,GJ 644,10.44,,,,M3.5Ve,16:55:25.2222,-08:19:21.296,30.0,10.59,9.02,PMSU,,,,,,,,,,,,,,,,,,,
192,GJ 649,9.66,,,,M2V,16:58:09.3264,25:44:38.868,30.0,11.14,9.65,MUSCLES,-4.43,5/25/2021,,,,,,,,,,,,,,,,,
193,TOI 2279.01,10.25,,0.79,4962.0,,17:00:58.9908,+45:23:10.6178,30.0,,,,-3.87,5/29/2021,,,,,,,,,,,,,,,,,
194,HD 154417,,,,,F8.5IV-V,17:05:16.81847,+00:42:09.3100,1.0,6.59,,Baliunas,,,,,,,,,,,,,,,,,,,
195,TOI 1346.01,10.73,,0.78,4965.0,,17:06:29.442,+68:50:35.8913,30.0,,,,-4.15,5/29/2021,,,,,,,,,,,,,,,,,
196,TOI 1453.01,10.14,,0.71,4920.0,,17:12:53.5849,+57:11:52.0003,30.0,,,,-4.35,6/21/2021,,,,,,,,,,,,,,,,,
197,GJ 1214,13.01,,,3438.0,M4.5V,17:15:18.9337265994,4:57:50.064695682,30.0,,,,,,,,,,,,,,,,,,,,,,
198,HD 155886,,,,,K2V,17:15:21.08953,-26:35:56.0110,1.0,5.93,5.08,Baliunas,,,,,,,,,,,,,,,,,,,
199,HD 155885,,,,,K1V,17:15:21.27073,-26:36:00.1940,1.0,5.88,5.03,Baliunas,,,,,,,,,,,,,,,,,,,
200,HD 156026,,,,,K5V,17:16:13.36200,-26:32:45.9170,1.0,7.5,6.34,Baliunas,,,,,,,,,,,,,,,,,,,
201,HAT-P-14,9.87,2.65,1.82,6600.0,F5V,17:20:27.88,38:14:31.8,30.0,10.41,9.99,,-4.72,6/7/2020,,,,,,,,,,,,,,,,,
202,TOI 2133.01,10.86,,0.72,4175.0,,17:24:58.5194,+32:47:54.2307,30.0,,,,-3.35,6/21/2021,,,,,,,,,,,,,,,,,
203,TOI 2088.01,10.88,,0.83,4902.0,,17:25:29.9746,+75:52:56.2066,30.0,,,,-4.27,11/13/2021,,,,,,,,,,,,,,,,,
204,HD 157856,,,,,F5V,17:25:57.87647,-01:39:06.4220,2.0,6.87,6.44,Baliunas,,,,,,,,,,,,,,,,,,,
205,TOI 2318.01,8.65,,0.84,4968.0,,17:30:21.4396,+40:22:10.0729,18.0,,,,-4.32,6/21/2021,,,,,,,,,,,,,,,,,
206,HD 158614,,,,,G9-IV-VHdel1,17:30:23.79693,-01:03:46.5590,1.0,6.03,5.31,Baliunas,,,,,,,,,,,,,,,,,,,
207,HD 159332,,,,,F4V,17:33:22.82473,+19:15:24.0230,1.0,6.13,5.65,Baliunas,,,,,,,,,,,,,,,,,,,
208,GJ 4020,9.73,,,,K7Ve,17:38:39.6170,+61:14:16.102,30.0,11.34,10.15,PMSU,,,,,,,,,,,,,,,,,,,
209,HD 160346,,,,,K3-V,17:39:16.91640,+03:33:18.8710,2.0,7.5,6.53,Baliunas,,,,,,,,,,,,,,,,,,,
210,GJ 4024,9.84,,,,M0V,17:43:00.8001,+05:47:21.584,30.0,12.18,10.67,PMSU,,,,,,,,,,,,,,,,,,,
211,HD 161239,,,,,G2IIIb,17:43:21.56493,+24:19:40.1880,1.0,6.39,5.73,Baliunas,,,,,,,,,,,,,,,,,,,
212,TrES-4,11.47,1.08,1.66,6200.0,,17:53:13.04,37:12:42.7,30.0,,,,-4.87,6/7/2020,,,,,,,,,,,,,,,,,
213,GJ 699,9.51,,,,M4V,17:57:48.7776,4:41:37.176,30.0,11.24,9.51,MUSCLES,-4.67,6/21/2021,,,,,,,,,,,,,,,,,
214,TOI 1748.01,10.57,,0.77,4837.0,,18:02:57.4344,+60:25:03.4976,30.0,,,,-3.93,6/6/2021,,,,,,,,,,,,,,,,,
215,TOI 1747.01,10.43,,0.7,4435.0,,18:03:13.4519,+60:40:30.69,30.0,,,,0.15,6/6/2021,,,,,,,,,,,,,,,,,
216,HD 165341 A,,,,,K0V,18:05:27.37053,+02:29:59.3160,1.0,,,Baliunas,-5.02,5/29/2021,,,,,,,,,,,,,,,,,
217,HD 165341 B,,,,,K4V,18:05:27.42073,+02:29:56.4140,1.0,7.26,6.07,Baliunas,-4.15,5/29/2021,,,,,,,,,,,,,,,,,
218,TOI 2134.01,7.79,,0.77,4406.0,,18:07:44.5203,+39:04:22.5368,8.0,,,,-4.31,6/6/2021,,,,,,,,,,,,,,,,,
219,TOI 1184.01,9.95,,0.69,4534.0,,18:08:49.0847,+60:40:43.6243,30.0,,,,-4.14,6/6/2021,,,,,,,,,,,,,,,,,
220,TOI 1643.01,8.66,,0.78,4763.0,,18:09:03.4179,+53:13:03.8249,18.0,,,,126.77,6/6/2021,,,,,,,,,,,,,,,,,
221,HD 166620,,,,,K2V,18:09:37.41453,+38:27:27.9760,2.0,7.27,6.4,Baliunas,-4.8,6/6/2021,,,,,,,,,,,,,,,,,
222,HAT-P-57,10.43,2.77,1.85,6330.0,,18:18:58.42,10:35:50.3,30.0,10.96,10.64,,,,,,,,,,,,,,,,,,,,
223,TOI 1301.01,10.52,,0.73,4820.0,,18:23:27.0104,+71:34:54.2926,30.0,,,,-3.94,8/20/2021,,,,,,,,,,,,,,,,,
224,TOI 2274.01,10.35,,0.63,3943.0,,18:29:50.2346,+40:32:29.082,30.0,,,,-4.42,6/21/2021,,,,,,,,,,,,,,,,,
225,Kepler-102,11.48,0.81,0.76,4910.0,K3V,18:45:55.86,47:12:28.9,30.0,12.58,12.07,,-3.94,9/27/2020,,,,,,,,,,,,,,,,,
226,GJ 729,9.13,,,,M3.5Ve,18:49:49.3638,-23:50:10.453,30.0,12.19,10.43,PMSU,,,,,,,,,,,,,,,,,,,
227,Kepler-410 A,9.38,1.21,1.35,6270.0,F6IV,18:52:36.17,45:08:23.4,30.0,9.95,9.5,,-4.87,,11/13/2021,,,,,,,,,,,,,,,,
228,KELT-8,10.67,0.81,1.46,5750.0,F8,18:53:13.32,24:07:38.6,30.0,11.55,10.84,NE star ,-4.78,9/27/2020,,,,,,,,,,,,,,,,,
229,GJ 735,9.02,,,,M3Ve,18:55:27.4098,+08:24:09.030,30.0,11.74,10.19,PMSU,,,,,,,,,,,,,,,,,,,
230,Kepler-37,9.55,0.87,0.79,5420.0,G8V,18:56:14.32,44:31:05.3,30.0,10.45,9.77,,-4.52,9/27/2020,,,,,,,,,,,,,,,,,
231,Kepler-408,8.7,1.08,1.23,6100.0,F8V,18:59:08.68,48:25:23.6,20.0,9.34,8.83,,-4.85,9/27/2020,,,,,,,,,,,,,,,,,
232,Kepler-10,10.92,0.91,1.06,5710.0,G2V,19:02:43.05,50:14:28.7,30.0,,,,-4.34,9/29/2020,,,,,,,,,,,,,,,,,
233,TOI 1450.01,10.03,,0.47,3407.0,,19:07:24.975,+59:05:11.8514,30.0,,,,-4.6,6/21/2021,,,,,,,,,,,,,,,,,
234,HD 178428,,,,,G4.5V,19:07:57.32160,+16:51:12.1900,1.0,6.77,,Baliunas,-4.84,6/21/2021,,,,,,,,,,,,,,,,,
235,Kepler-21,8.13,1.41,1.9,6300.0,F6IV,19:09:26.84,38:42:50.5,11.0,8.77,8.25,,-4.49,7/6/2020,,,,,,,,,,,,,,,,,
236,Kepler-444,8.64,0.76,0.75,5050.0,K0V,19:19:00.55,41:38:04.6,18.0,9.67,8.86,,-4.82,11/13/2021,,,,,,,,,,,,,,,,,
237,Kepler-68,9.93,1.08,1.24,5790.0,G1V,19:24:07.75,49:02:25,30.0,10.73,10.08,,-4.81,9/27/2020,,,,,,,,,,,,,,,,,
238,HD 182572,,,,,G7IVHdel1,19:24:58.20027,+11:56:39.9410,1.0,5.93,,Baliunas,-4.95,6/21/2021,,,,,,,,,,,,,,,,,
239,TOI 1280.01,10.64,,0.75,4665.0,,19:25:51.6774,+61:46:34.1519,30.0,,,,4.31,8/20/2021,,,,,,,,,,,,,,,,,
240,HD 185144,,,,,K0V,19:32:21.59207,+69:39:40.1900,1.0,5.46,4.68,Baliunas,-4.55,8/20/2021,,,,,,,,,,,,,,,,,
241,Kepler-409,9.39,0.92,0.89,5460.0,K0V,19:34:43.01,46:51:10,30.0,10.36,9.64,,-4.76,9/27/2020,,,,,,,,,,,,,,,,,
242,HD 187013,,,,,F5.5IV-V,19:46:25.59960,+33:43:39.2700,1.0,5.46,,Baliunas,-5.17,6/21/2021,,,,,,,,,,,,,,,,,
243,Kepler-96,10.3,1.0,1.02,5690.0,G2V,19:48:16.71,40:31:30.5,30.0,11.25,10.57,,-4.36,9/27/2020,,,,,,,,,,,,,,,,,
244,HAT-P-11,9.15,,,4757.0,K4V,19:50:50.25,48:04:51.10,29.0,,,,-4.35,9/11/2021,,,,,,,,,,,,,,,,,
245,HD 187691,,,,,F8V,19:51:01.64327,+10:24:56.6390,1.0,5.66,,Baliunas,,,,,,,,,,,,,,,,,,,
246,GJ 1243,11.55,,,3608.0,M4.0V,19:51:09.32,46:29:00.21,30.0,14.47,,,,,,,,,,,,,,,,,,,,,
247,HD 188512,,,,,G8IV,19:55:18.79227,+06:24:24.4550,1.0,4.56,3.71,Baliunas,,,,,,,,,,,,,,,,,,,
248,HD 189733,7.41,0.79,0.75,5050.0,K2V,20:00:43.71,22:42:39.1,5.0,8.58,7.65,,-4.17,7/2/2020,9/27/2020,,,,,,,,,,,,,,,,
249,HD 190007,,,,,K5V,20:02:47.04673,+03:19:34.2590,4.0,8.6,,Baliunas,-4.26,8/20/2021,,,,,,,,,,,,,,,,,
250,HD 190360,,,,,G7IV-V,20:03:37.40547,+29:53:48.4120,1.0,6.44,,Baliunas,-4.84,8/20/2021,,,,,,,,,,,,,,,,,
251,HD 190406,,,,,G0V,20:04:06.22587,+17:04:12.6730,1.0,6.39,5.79,Baliunas,,,,,,,,,,,,,,,,,,,
252,GJ 781,11.18,,,,sdM1,20:05:02.1949,+54:26:03.227,30.0,11.97,13.88,PMSU,,,,,,,,,,,,,,,,,,,
253,TOI 2093.01,10.67,,0.73,4455.0,,20:10:57.0055,+70:52:10.7514,30.0,,,,-4.12,9/11/2021,,,,,,,,,,,,,,,,,
254,WASP-80,11.27,0.58,0.59,4140.0,K7V-M0V,20:12:40.18,-02:08:39.1,30.0,12.81,11.94,,-4.08,9/29/2020,,,,,,,,,,,,,,,,,
255,WASP-74,9.57,0.98,1.42,5990.0,F9,20:18:09.32,-01:04:32.4,30.0,10.39,9.75,,,,,,,,,,,,,,,,,,,,
256,HAT-P-49,10.21,2.22,2.06,6820.0,A8,20:21:45.94,26:41:33.5,30.0,10.68,10.33,,,,,,,,,,,,,,,,,,,,
257,HD 194012,,,,,F7V,20:22:52.36967,+14:33:03.9740,1.0,6.64,6.15,Baliunas,,,,,,,,,,,,,,,,,,,
258,WASP-2,11.56,0.9,0.87,5180.0,K1.5,20:30:54.13,06:25:46.3,30.0,13.0,11.98,,,,,,,,,,,,,,,,,,,,
259,GJ 1257,9.33,,,,K6Ve,20:41:42.2464,-22:19:20.517,30.0,11.1,9.91,PMSU,,,,,,,,,,,,,,,,,,,
260,WASP-69,9.49,0.98,0.86,4700.0,,21:00:06.19,-05:05:39.9,30.0,10.93,9.87,,-4.12,8/5/2020,,,,,,,,,,,,,,,,,
261,WASP-90,11.46,1.55,1.98,6430.0,F6,21:02:07.67,07:03:22.4,30.0,,,,-5.32,8/5/2020,,,,,,,,,,,,,,,,,
262,HD 201091,,,,,K5V,21:06:53.9396100677,+38:44:30.9620,1.0,6.39,5.21,Baliunas,-4.42,8/20/2021,,,,,,,,,,,,,,,,,
263,HD 201092,,,,,K7V,21:06:55.26987,+38:44:31.5890,1.0,7.4,6.03,Baliunas,-4.26,8/20/2021,,,,,,,,,,,,,,,,,
264,HAT-P-17,10.27,0.99,0.87,5250.0,G0,21:38:08.74,30:29:19.4,30.0,11.33,10.38,,-4.85,8/5/2020,,,,,,,,,,,,,,,,,
265,HD 206860,,,,,G0V+,21:44:31.33033,+14:46:19.0060,1.0,,,Baliunas,,,,,,,,,,,,,,,,,,,
266,TOI 1759.01,9.93,,0.63,3960.0,,21:47:24.3988,+62:45:13.7389,30.0,,,,-4.22,9/11/2021,,,,,,,,,,,,,,,,,
267,HD 207978,,,,,F2V,21:52:29.91747,+28:47:36.7510,1.0,5.95,5.53,Baliunas,,,,,,,,,,,,,,,,,,,
268,GJ 4247,10.63,,,,M3.5Ve,22:01:13.1233,+28:18:24.913,30.0,,,PMSU,,,,,,,,,,,,,,,,,,,
269,HD 209458,7.51,1.23,1.19,6090.0,F9V,22:03:10.77,18:53:03.5,6.0,8.21,7.63,,-4.78,8/2/2020,,,,,,,,,,,,,,,,,
270,WASP-47,11.79,1.04,1.14,5550.0,,22:04:48.73,-12:01:08,30.0,,11.99,,-4.92,8/5/2020,,,,,,,,,,,,,,,,,
271,GJ 849,10.37,,,,M3.5V,22:09:39.8568,-04:38:27.816,30.0,11.87,10.37,MUSCLES,-4.42,9/22/2021,,,,,,,,,,,,,,,,,
272,K2-65,10.8,0.87,0.84,5210.0,K2V,22:12:50.82,-10:55:31.4,30.0,11.59,10.8,,-4.29,9/29/2020,,,,,,,,,,,,,,,,,
273,TOI 1410.01,10.19,,0.78,4635.0,,22:19:31.8837,+42:33:37.1306,30.0,,,,-4.48,8/20/2021,,,,,,,,,,,,,,,,,
274,HD 212754,,,,,F7V,22:26:37.38793,+04:23:37.5360,1.0,6.37,5.81,Baliunas,,,,,,,,,,,,,,,,,,,
275,GJ 867 A,8.16,,,,M0Vep,22:38:45.5745,-20:37:16.086,30.0,10.6,9.08,PMSU,,,,,,,,,,,,,,,,,,,
276,EV Lac,9.0,,,3742.0,M4.0V,22:46:49.73,+44:20:02.37,25.0,11.85,10.26,,-3.52,9/11/2021,,,,,,,,,,,,,,,,,
277,HAT-P-8,10.15,1.27,1.57,6200.0,F8V,22:52:09.86,35:26:49.6,30.0,10.77,10.36,,-4.82,9/29/2020,11/13/2021,,,,,,,,,,,,,,,,
278,HD 216385,,,,,F6V,22:52:24.07560,+09:50:08.3940,1.0,5.64,,Baliunas,,,,,,,,,,,,,,,,,,,
279,GJ 876,10.19,,,,M3.5V,22:53:17.0784,-14:15:45.252,30.0,11.75,10.19,MUSCLES,-5.19,11/13/2021,,,,,,,,,,,,,,,,,
280,HD 217014,,,,,G2IV,22:57:27.98087,+20:46:07.7700,1.0,6.16,5.46,Baliunas,-4.77,11/13/2021,,,,,,,,,,,,,,,,,
281,HAT-P-1,10.18,1.15,1.17,5980.0,G0V,22:57:46.83,38:40:29.8,30.0,10.82,9.87,,-4.97,9/27/2020,,,,,,,,,,,,,,,,,
282,TOI 1423.01,10.92,,0.7,4993.0,,22:58:26.3161,+39:39:31.3642,30.0,,,,-5.1,9/11/2021,,,,,,,,,,,,,,,,,
283,TOI 1424.01,10.52,,0.8,4529.0,,22:59:37.7442,+36:31:03.5989,30.0,,,,-4.38,8/20/2021,,,,,,,,,,,,,,,,,
284,TOI 1544.01,10.41,,,4630.0,,23:05:23.3666,+46:54:11.2208,30.0,,,,-5.05,8/20/2021,,,,,,,,,,,,,,,,,
285,HD 219134,5.21,0.81,0.78,4700.0,K3V,23:13:16.98,57:10:06.1,3.0,6.56,5.57,,-4.58,8/2/2020,,,,,,,,,,,,,,,,,
286,WASP-52,11.95,0.87,0.79,5000.0,K2V,23:13:58.74,08:45:40.5,30.0,12.9,12.0,,-4.18,10/2/2020,,,,,,,,,,,,,,,,,
287,K2-285,11.8,0.83,0.79,4980.0,,23:17:32.23,01:18:01,30.0,12.87,11.75,,,,,,,,,,,,,,,,,,,,
288,HD 219834 B,,,,,K2,23:19:06.37347,-13:27:18.0070,5.0,,,Baliunas,-4.54,11/13/2021,,,,,,,,,,,,,,,,,
289,HD 219834 A,,,,,G8.5IV,23:19:06.51647,-13:27:30.4130,1.0,5.95,5.18,Baliunas,-4.82,11/13/2021,,,,,,,,,,,,,,,,,
290,K2-141,10.72,0.71,0.68,4600.0,K7V,23:23:39.97,-01:11:21.4,30.0,12.14,11.45,,-3.69,9/29/2020,11/13/2021,,,,,,,,,,,,,,,,
291,GJ 9827,9.84,0.61,0.6,4340.0,K6V,23:27:04.83,-01:17:10.6,30.0,11.57,10.1,,-4.49,9/27/2020,11/13/2021,,,,,,,,,,,,,,,,
292,GJ 4337,10.71,,,,M2.9V,23:29:23.4745,+41:28:06.732,30.0,,,PMSU,-3.41,11/13/2021,,,,,,,,,,,,,,,,,
293,GJ 1284,9.92,,,,M2Ve,23:30:13.4384,-20:23:27.448,30.0,12.58,11.11,PMSU,-3.63,11/13/2021,,,,,,,,,,,,,,,,,
294,EQ Peg,9.04,,,3585.0,M4+M5,23:31:52,19:56:14.128443009,26.0,11.75,10.16,,-3.42,10/11/2021,,,,,,,,,,,,,,,,,
295,GJ 897,9.74,,,,M3Ve,23:32:46.8041,-16:45:07.240,30.0,11.86,10.38,PMSU,-3.42,11/13/2021,,,,,,,,,,,,,,,,,
296,HIP 116454,9.93,0.81,0.72,5090.0,K0,23:35:49.28,00:26:43.9,30.0,11.1,,,-4.42,8/2/2020,10/29/2021,,,,,,,,,,,,,,,,
297,HAT-P-6,10.31,1.79,1.62,6570.0,F8V,23:39:05.81,42:27:57.5,30.0,10.88,10.47,,-4.58,8/2/2020,10/29/2021,,,,,,,,,,,,,,,,
298,HD 68017,,,,,,,,,,,,,5/23/2021,,,,,,,,,,,,,,,,,
299,HD 79555,,,,,,,,,,,,,5/23/2021,,,,,,,,,,,,,,,,,
300,HD 87884,,,,,,,,,,,,,5/23/2021,,,,,,,,,,,,,,,,,
301,HD 88230,,,,,,,,,,,,,5/23/2021,,,,,,,,,,,,,,,,,
